Credit Number,CVV,Expiration Date,Name,CC Type,Member
7210813529492200    ,882,05/27,John Doe,Visa,John_Doe@gmail.com
7236307486493060    ,499,06/26,Jane Doe,American Express,Jane.Doe@outlook.com
5090486039621130    ,547,10/27,Michael Smith,American Express,Michael_Smith@yahoo.com
5211988721269320    ,816,07/27,Emily Johnson,American Express,Emily.Johnson@gmail.com
6457310887571030    ,849,04/25,David Williams,American Express,David_Williams@outlook.com
5378801732969680    ,902,05/26,Samantha Jones,Visa,Samantha.Jones@yahoo.com
7946830457658730    ,462,06/26,Christopher Brown,Visa,Christopher_Brown@gmail.com
8532194494317290    ,788,05/26,Rachel Davis,Mastercard,Rachel.Davis@outlook.com
7381852448619480    ,161,08/25,James Garcia,American Express,James_Garcia@yahoo.com
7478562861146300    ,402,04/25,Olivia Miller,Mastercard,Olivia.Miller@gmail.com
2119397646344740    ,452,05/24,Robert Taylor,American Express,Robert_Taylor@outlook.com
7962021905376940    ,371,01/28,Abigail Wilson,American Express,Abigail.Wilson@yahoo.com
5385038558154250    ,426,09/24,William Moore,Visa,William_Moore@gmail.com
4414941606459500    ,472,12/27,Elizabeth Anderson,American Express,Elizabeth.Anderson@outlook.com
4012959032667800    ,851,09/27,Joseph Thomas,Mastercard,Joseph_Thomas@yahoo.com
2247437560040470    ,218,04/26,Sarah Jackson,Mastercard,Sarah.Jackson@gmail.com
6413988055358630    ,420,08/28,Charles White,Capital One,Charles_White@outlook.com
1671333021426430    ,944,07/24,Madison Harris,American Express,Madison.Harris@yahoo.com
2526783560331390    ,590,11/27,George Martin,Mastercard,George_Martin@gmail.com
4512761076185060    ,454,01/28,Emily Thompson,Mastercard,Emily.Thompson@outlook.com
6825026870961280    ,305,12/24,Richard Gonzalez,Capital One,Richard_Gonzalez@yahoo.com
3740013105058360    ,125,09/25,Abigail Clark,American Express,Abigail.Clark@gmail.com
9483319336699420    ,491,04/27,David Lewis,Visa,David_Lewis@outlook.com
1806392099504550    ,988,05/25,Rachel Robinson,Visa,Rachel.Robinson@yahoo.com
2933577218237500    ,357,12/25,John Walker,Visa,John_Walker@gmail.com
1956091261876710    ,535,10/26,Jane Perez,American Express,Jane.Perez@outlook.com
9407935116810970    ,115,09/26,Michael Hall,Visa,Michael_Hall@yahoo.com
1215301017249410    ,356,04/27,Emily Young,American Express,Emily.Young@gmail.com
9599030334653130    ,149,07/27,David Allen,Mastercard,David_Allen@outlook.com
8931218092781350    ,787,07/26,Samantha King,Capital One,Samantha.King@yahoo.com
1133821440584990    ,226,12/24,Christopher Wright,Mastercard,Christopher_Wright@gmail.com
8712807245371660    ,921,02/26,Rachel Scott,Mastercard,Rachel.Scott@outlook.com
5877158291967890    ,469,07/28,James Green,American Express,James_Green@yahoo.com
9652761904414010    ,534,12/26,Olivia Baker,Capital One,Olivia.Baker@gmail.com
6939172882311290    ,922,09/27,Robert Adams,Capital One,Robert_Adams@outlook.com
6249698358387080    ,915,12/28,Abigail Gonzalez,Capital One,Abigail.Gonzalez@yahoo.com
1857817021863060    ,727,02/28,William Nelson,Visa,William_Nelson@gmail.com
3904281049163070    ,403,03/28,Elizabeth Carter,American Express,Elizabeth.Carter@outlook.com
8550058408427890    ,277,05/28,Joseph Mitchell,Mastercard,Joseph_Mitchell@yahoo.com
8355934630433380    ,463,11/27,Sarah Peters,Mastercard,Sarah.Peters@gmail.com
8271232879813180    ,251,09/25,Charles Roberts,Mastercard,Charles_Roberts@outlook.com
7470001885431310    ,263,05/25,Madison Turner,Visa,Madison.Turner@yahoo.com
3849119426583140    ,658,03/24,George Phillips,Capital One,George_Phillips@gmail.com
4465584910495090    ,447,08/26,Emily Campbell,American Express,Emily.Campbell@outlook.com
2124211086175220    ,898,09/25,Richard Parker,Capital One,Richard_Parker@yahoo.com
7133745551290470    ,328,05/28,Abigail Evans,Visa,Abigail.Evans@gmail.com
9182799473790140    ,528,05/27,David Edwards,American Express,David_Edwards@outlook.com
2304417910649160    ,993,05/26,Rachel Collins,Mastercard,Rachel.Collins@yahoo.com
9706136711895900    ,636,02/27,John Stewart,Mastercard,John_Stewart@gmail.com
1521047042525820    ,533,01/26,Jane Sanchez,Mastercard,Jane.Sanchez@outlook.com
3995734501404660    ,543,08/27,Michael Morris,American Express,Michael_Morris@yahoo.com
2869662832610350    ,276,12/27,Emily Rogers,American Express,Emily.Rogers@gmail.com
2165579838393630    ,514,12/25,David Reed,Mastercard,David_Reed@outlook.com
2370616226547430    ,278,02/28,Samantha Cook,American Express,Samantha.Cook@yahoo.com
1865107961204290    ,800,03/25,Christopher Morgan,Capital One,Christopher_Morgan@gmail.com
9266577646087840    ,767,12/24,Rachel Bell,Mastercard,Rachel.Bell@outlook.com
2180083302794160    ,410,11/28,James Murphy,Capital One,James_Murphy@yahoo.com
8131302548784960    ,323,10/27,Olivia Bailey,American Express,Olivia.Bailey@gmail.com
9879990382933490    ,462,04/25,Robert Rivera,American Express,Robert_Rivera@outlook.com
7271675545111500    ,591,12/26,Abigail Cooper,American Express,Abigail.Cooper@yahoo.com
5425946824649510    ,960,01/28,William Richardson,American Express,William_Richardson@gmail.com
5071918309523170    ,353,10/26,Elizabeth Cox,American Express,Elizabeth.Cox@outlook.com
4668358564519600    ,440,01/26,Joseph Howard,Visa,Joseph_Howard@yahoo.com
8283957274190150    ,969,01/27,Sarah Ward,Capital One,Sarah.Ward@gmail.com
1695760270364090    ,552,01/28,Charles Torres,American Express,Charles_Torres@outlook.com
2525353359854650    ,920,11/24,George Davis,Visa,George_Davis@gmail.com
7856324219766000    ,452,07/28,Emily Miller,Visa,Emily.Miller@outlook.com
9534344565498790    ,310,09/28,Richard Wilson,Capital One,Richard_Wilson@yahoo.com
1871178563614200    ,445,05/28,Abigail Moore,Mastercard,Abigail.Moore@gmail.com
8941574097342300    ,431,02/24,David Taylor,Visa,David_Taylor@outlook.com
5859658416414150    ,565,01/25,Rachel Anderson,Capital One,Rachel.Anderson@yahoo.com
1325603955746220    ,913,02/27,John Thomas,Capital One,John_Thomas@gmail.com
4008015676675750    ,701,01/27,Jane Jackson,Mastercard,Jane.Jackson@outlook.com
528966567425740    ,405,08/27,Michael White,American Express,Michael_White@yahoo.com
4166080044141040    ,379,05/28,Emily Harris,American Express,Emily.Harris@gmail.com
2595906671540000    ,629,12/26,David Martin,Capital One,David_Martin@outlook.com
7517327221335850    ,311,09/28,Samantha Thompson,Capital One,Samantha.Thompson@yahoo.com
6955431137995910    ,188,08/28,Christopher Gonzalez,Visa,Christopher_Gonzalez@gmail.com
8850473523793370    ,494,01/27,Rachel Clark,Capital One,Rachel.Clark@outlook.com
7387591123738670    ,606,05/24,James Lewis,Capital One,James_Lewis@yahoo.com
3551813002386960    ,714,10/24,Olivia Robinson,Visa,Olivia.Robinson@gmail.com
6169728031418930    ,640,02/26,Robert Walker,Mastercard,Robert_Walker@outlook.com
7275683177679230    ,828,01/28,Abigail Perez,Capital One,Abigail.Perez@yahoo.com
7242868085908180    ,456,07/25,William Hall,American Express,William_Hall@gmail.com
4315249854804900    ,103,07/25,Elizabeth Young,Capital One,Elizabeth.Young@outlook.com
9754918869496470    ,929,10/24,Joseph Allen,Mastercard,Joseph_Allen@yahoo.com
1182948738584350    ,151,12/26,Sarah King,American Express,Sarah.King@gmail.com
1141090513975390    ,331,09/26,Charles Wright,Visa,Charles_Wright@outlook.com
1414881017110930    ,230,01/27,Madison Scott,Mastercard,Madison.Scott@yahoo.com
6769477303378310    ,375,02/14,George Green,Visa,George_Green@gmail.com
7085243221660380    ,952,03/25,Emily Baker,American Express,Emily.Baker@outlook.com
9465278484440400    ,872,01/27,Richard Adams,Mastercard,Richard_Adams@yahoo.com
6414207930432430    ,277,10/25,Abigail Gonzalez,American Express,Abigail.Gonzalez@gmail.com
1861472742574940    ,256,01/27,David Nelson,Mastercard,David_Nelson@outlook.com
5737634021265220    ,860,07/26,Rachel Carter,Visa,Rachel.Carter@yahoo.com
7132047751488740    ,375,05/28,John Mitchell,Visa,John_Mitchell@gmail.com
7082847110913470    ,456,09/28,Jane Peters,Capital One,Jane.Peters@outlook.com
5180631562215840    ,882,01/24,Michael Roberts,American Express,Michael_Roberts@yahoo.com
2748467908101570    ,308,03/28,Emily Turner,Capital One,Emily.Turner@gmail.com
3371953574416440    ,619,07/27,David Phillips,Visa,David_Phillips@outlook.com
9381735328997370    ,620,08/26,Samantha Campbell,American Express,Samantha.Campbell@yahoo.com
7460184471224740    ,218,01/26,Christopher Parker,Visa,Christopher_Parker@gmail.com
4049374110612600    ,854,09/24,Rachel Evans,Mastercard,Rachel.Evans@outlook.com
9903968539031320    ,253,07/24,James Edwards,Capital One,James_Edwards@yahoo.com
2468579639934310    ,803,10/28,Olivia Collins,American Express,Olivia.Collins@gmail.com
4722425567611120    ,114,01/28,Robert Stewart,American Express,Robert_Stewart@outlook.com
4986379880740310    ,778,01/28,Abigail Sanchez,Visa,Abigail.Sanchez@yahoo.com
5450195064497530    ,874,02/28,William Morris,Capital One,William_Morris@gmail.com
7693242881613540    ,421,11/24,Elizabeth Rogers,Visa,Elizabeth.Rogers@outlook.com
1723791610445850    ,284,12/28,Joseph Reed,American Express,Joseph_Reed@yahoo.com
5977827093664820    ,108,02/25,Sarah Cook,Capital One,Sarah.Cook@gmail.com
8172985002694360    ,826,03/26,Charles Morgan,Mastercard,Charles_Morgan@outlook.com
7138823589638520    ,397,01/26,Madison Bell,Capital One,Madison.Bell@yahoo.com
2345847560307240    ,529,08/28,George Murphy,American Express,George_Murphy@gmail.com
4076638667594880    ,924,12/25,Emily Bailey,Capital One,Emily.Bailey@outlook.com
6636545414834270    ,212,07/26,Richard Rivera,Capital One,Richard_Rivera@yahoo.com
6471043049729390    ,625,07/25,Abigail Cooper,Mastercard,Abigail.Cooper@gmail.com
6462898702495070    ,523,08/28,David Richardson,American Express,David_Richardson@outlook.com
5742183886439130    ,772,07/27,Rachel Cox,Mastercard,Rachel.Cox@yahoo.com
5519523704389260    ,994,12/25,John Howard,American Express,John_Howard@gmail.com
4621390446594770    ,106,10/28,Jane Ward,Visa,Jane.Ward@outlook.com
4242246239320590    ,100,12/26,Michael Torres,Mastercard,Michael_Torres@yahoo.com
2846214157432660    ,578,09/24,Emily Peterson,Visa,Emily.Peterson@gmail.com
6143010825727660    ,385,01/24,David Gray,Capital One,David_Gray@outlook.com
8402186248002260    ,705,03/27,Samantha Price,Visa,Samantha.Price@yahoo.com
4305030655941170    ,845,05/28,Christopher Bryant,Visa,Christopher_Bryant@gmail.com
4124984456322040    ,956,03/28,Rachel Mason,American Express,Rachel.Mason@outlook.com
1587277899508790    ,904,09/25,James Barnes,American Express,James_Barnes@yahoo.com
2021121852038330    ,346,08/25,Olivia Olsen,Capital One,Olivia.Olsen@gmail.com
8909397365697930    ,834,05/25,Robert Perkins,American Express,Robert_Perkins@outlook.com
8420681711407090    ,746,03/27,Abigail Hansen,Capital One,Abigail.Hansen@yahoo.com
6823882946361800    ,469,11/27,William Fernandez,Capital One,William_Fernandez@gmail.com
8636237705478360    ,272,01/25,Elizabeth Hartman,Visa,Elizabeth.Hartman@outlook.com
4877521950645290    ,606,01/26,Joseph McDonald,American Express,Joseph_McDonald@yahoo.com
9264444006987090    ,881,03/27,Sarah Rios,Mastercard,Sarah.Rios@gmail.com
3266352397994350    ,879,05/26,Charles Butler,American Express,Charles_Butler@outlook.com
3564282978369540    ,350,04/27,Madison Black,Capital One,Madison.Black@yahoo.com
2027217478376840    ,838,03/28,George Watkins,Mastercard,George_Watkins@gmail.com
6880339795749520    ,873,01/24,Emily Sims,American Express,Emily.Sims@outlook.com
3547533820718800    ,821,07/28,Richard Barron,Mastercard,Richard_Barron@yahoo.com
8472755832419300    ,696,04/26,Abigail Arroyo,Visa,Abigail.Arroyo@gmail.com
3236169397618090    ,960,07/25,David Pena,Mastercard,David_Pena@outlook.com
4400652023028750    ,757,04/26,Rachel Brady,Visa,Rachel.Brady@yahoo.com
4417864806603670    ,705,01/26,John Brock,Capital One,John_Brock@gmail.com
3721565425055020    ,400,01/25,Jane Bautista,Visa,Jane.Bautista@outlook.com
2863105664696890    ,282,07/27,Michael Blevins,American Express,Michael_Blevins@yahoo.com
9217764753153940    ,983,07/24,Emily Buchanan,Capital One,Emily.Buchanan@gmail.com
3907303294353890    ,484,01/24,David Buckley,Visa,David_Buckley@outlook.com
8593094154883170    ,634,10/27,Samantha Buckner,Visa,Samantha.Buckner@yahoo.com
4877333735403820    ,998,ιπε-28,Christopher Buck,Mastercard,Christopher_Buck@gmail.com
6019167114624480    ,988,08/26,Rachel Bui,American Express,Rachel.Bui@outlook.com
9405240247293150    ,822,10/26,James Burch,Mastercard,James_Burch@yahoo.com
9470705708610450    ,681,01/24,Olivia Burke,Mastercard,Olivia.Burke@gmail.com
3144256916471600    ,559,08/24,Robert Burns,American Express,Robert_Burns@outlook.com
5611314992773750    ,249,03/24,Abigail Burton,Capital One,Abigail.Burton@yahoo.com
3333846003389740    ,481,01/24,William Bush,Capital One,William_Bush@gmail.com
4011469999382230    ,449,08/27,Elizabeth Butler,Mastercard,Elizabeth.Butler@outlook.com
9014383137248590    ,613,04/26,Joseph Byrd,Mastercard,Joseph_Byrd@yahoo.com
8449551654807450    ,985,01/28,Sarah Cabrera,Mastercard,Sarah.Cabrera@gmail.com
3746803318167380    ,183,10/27,Charles Cain,Capital One,Charles_Cain@outlook.com
6028310216049790    ,687,09/24,Madison Calderon,Mastercard,Madison.Calderon@yahoo.com
4762578015919060    ,496,05/24,George Caldwell,American Express,George_Caldwell@gmail.com
1348499518240750    ,293,04/24,Emily Calhoun,Mastercard,Emily.Calhoun@outlook.com
6209723336091430    ,924,05/26,Richard Callahan,Capital One,Richard_Callahan@yahoo.com
5941938583017350    ,277,09/25,Abigail Camacho,Visa,Abigail.Camacho@gmail.com
9809168878161860    ,423,11/24,David Cameron,Visa,David_Cameron@outlook.com
9805769124752920    ,224,05/26,Rachel Campos,Capital One,Rachel.Campos@yahoo.com
8480344995053360    ,876,04/27,John Cantrell,Visa,John_Cantrell@gmail.com
4395839051955210    ,747,12/28,Jane Cantu,American Express,Jane.Cantu@outlook.com
7463286565470800    ,173,11/28,Michael Cardenas,Mastercard,Michael_Cardenas@yahoo.com
7176615866943960    ,137,03/26,Emily Carey,American Express,Emily.Carey@gmail.com
7368648223297850    ,502,10/28,David Carlson,Visa,David_Carlson@outlook.com
2472058327577270    ,707,03/28,Samantha Carney,Capital One,Samantha.Carney@yahoo.com
3257912512370420    ,465,12/27,Christopher Carpenter,Mastercard,Christopher_Carpenter@gmail.com
9862186762632500    ,288,04/25,Rachel Carr,Capital One,Rachel.Carr@outlook.com
3158163350293970    ,852,07/28,James Carrillo,Capital One,James_Carrillo@yahoo.com
8409971385333180    ,920,11/26,Olivia Carroll,Mastercard,Olivia.Carroll@gmail.com
9624649495571520    ,558,07/26,Robert Carson,Visa,Robert_Carson@outlook.com
3536538900360590    ,338,06/25,Abigail Carter,Capital One,Abigail.Carter@yahoo.com
2593154231752670    ,862,03/27,William Casey,Visa,William_Casey@gmail.com
4304921946796850    ,309,08/25,Elizabeth Cash,Mastercard,Elizabeth.Cash@outlook.com
1911447639042670    ,705,04/25,Joseph Castillo,Capital One,Joseph_Castillo@yahoo.com
1053251490099250    ,190,12/26,Sarah Castro,Mastercard,Sarah.Castro@gmail.com
9009440739204940    ,761,04/24,Charles Cervantes,Capital One,Charles_Cervantes@outlook.com
4861307938533300    ,999,02/25,Madison Chambers,Mastercard,Madison.Chambers@yahoo.com
8488749567889220    ,313,03/28,George Chandler,Visa,George_Chandler@gmail.com
7688168914278170    ,566,02/26,Emily Chapman,Mastercard,Emily.Chapman@outlook.com
5106139599517120    ,158,08/28,Richard Charles,Visa,Richard_Charles@yahoo.com
3677224139822460    ,339,04/28,Abigail Chavez,American Express,Abigail.Chavez@gmail.com
2277321280318600    ,126,11/24,David Chen,American Express,David_Chen@outlook.com
3899037986697540    ,303,12/25,Rachel Chery,Capital One,Rachel.Chery@yahoo.com
3362693740698520    ,163,05/28,John Cheung,American Express,John_Cheung@gmail.com
5655293064625660    ,310,09/24,Jane Childers,Mastercard,Jane.Childers@outlook.com
2874513588657830    ,727,02/27,Michael Chung,Mastercard,Michael_Chung@yahoo.com
4718838720038560    ,403,02/26,Emily Church,Visa,Emily.Church@gmail.com
8805570170136130    ,148,07/26,David Clark,American Express,David_Clark@outlook.com
9440049627475070    ,349,04/24,Samantha Clarke,Capital One,Samantha.Clarke@yahoo.com
9866603930530870    ,129,01/28,Christopher Clay,Capital One,Christopher_Clay@gmail.com
7917730228767290    ,426,10/25,Rachel Clayton,American Express,Rachel.Clayton@outlook.com
7282667016822650    ,729,01/27,Sara Ramirez23,Mastercard,Sara.Ramirez23@gmail.com
8263241640614500    ,761,01/28,Elizabeth Young,Mastercard,Elizabeth.Young@outlook.com
74593194691332500    ,218,04/27,Abigail Gonzalez,Mastercard,Abigail.Gonzalez@gmail.com
2710638712597530    ,184,08/24,Michael Blevins,American Express,Michael_Blevins@yahoo.com
2640758734854830    ,511,09/24,Emily Carey,Mastercard,Emily.Carey@gmail.com
5430026045846590    ,306,04/24,Olivia Collins,Capital One,Olivia.Collins@gmail.com
7098770493319850    ,295,01/27,David Richardson,American Express,David_Richardson@outlook.com
9883148853816960    ,362,12/28,Samantha Campbell,Capital One,Samantha.Campbell@yahoo.com
6947486848476950    ,921,01/25,Emily Rogers,American Express,Emily.Rogers@gmail.com
3187528902165670    ,242,04/24,Elizabeth Butler,Mastercard,Elizabeth.Butler@outlook.com
8534303903311820    ,178,05/26,Rachel Chery,Capital One,Rachel.Chery@yahoo.com
1752043419886730    ,355,09/27,Samantha Price,Capital One,Samantha.Price@yahoo.com
5342350276901160    ,724,01/24,Joseph Castillo,Visa,Joseph_Castillo@yahoo.com
5224525763998920    ,893,01/27,Charles Morgan,Capital One,Charles_Morgan@outlook.com
2162125083503320    ,402,12/28,David Martin,Visa,David_Martin@outlook.com
1433552080221610    ,542,01/25,Christopher Bryant,Visa,Christopher_Bryant@gmail.com
8816896962993770    ,108,02/25,Robert Burns,Capital One,Robert_Burns@outlook.com
9825547083913880    ,351,04/24,Rachel Bui,American Express,Rachel.Bui@outlook.com
7687963791729750    ,206,10/24,John Cantrell,Visa,John_Cantrell@gmail.com
7063948771880340    ,402,02/27,John Thomas,Mastercard,John_Thomas@gmail.com
7416188331565810    ,947,10/24,Abigail Moore,Capital One,Abigail.Moore@gmail.com
7997589541327210    ,200,01/27,Emily Campbell,Capital One,Emily.Campbell@outlook.com
8033560732127390    ,529,11/27,Abigail Clark,American Express,Abigail.Clark@gmail.com
1494547815330670    ,958,07/28,Abigail Wilson,Visa,Abigail.Wilson@yahoo.com
5886469772226950    ,546,09/27,Joseph Reed,American Express,Joseph_Reed@yahoo.com
3809259391229370    ,734,03/26,Rachel Robinson,Mastercard,Rachel.Robinson@yahoo.com
6173566789547460    ,212,04/24,Madison Chambers,American Express,Madison.Chambers@yahoo.com
8486123063249900    ,536,09/24,Charles Wright,Capital One,Charles_Wright@outlook.com
9207958058130140    ,218,11/27,Samantha Thompson,American Express,Samantha.Thompson@yahoo.com
4353761134598220    ,791,09/27,Madison Bell,Mastercard,Madison.Bell@yahoo.com
4341047832725690    ,972,10/28,Emily Rogers,Mastercard,Emily.Rogers@gmail.com
7778590006078450    ,585,09/24,William Moore,American Express,William_Moore@gmail.com
4976300507263630    ,818,12/25,Jane Peters,American Express,Jane.Peters@outlook.com
4356735694562310    ,632,07/24,Emily Peterson,Visa,Emily.Peterson@gmail.com
2262009674853200    ,620,04/26,Emily Johnson,Visa,John_Doe@gmail.com
8738439267742480    ,534,11/24,Abigail Hansen,Capital One,Abigail.Hansen@yahoo.com
6627840725787050    ,411,11/25,Rachel Brady,American Express,Rachel.Brady@yahoo.com
3795266319838510    ,983,08/28,John Cantrell,Visa,John_Cantrell@gmail.com
8841720121420950    ,991,11/27,Madison Calderon,Capital One,Madison.Calderon@yahoo.com
1797631346138670    ,260,08/27,George Caldwell,Visa,George_Caldwell@gmail.com
6252406160506640    ,380,04/26,William Bush,American Express,William_Bush@gmail.com
,,,,,
