Mail,Name  First,Name  Last,Password,Phone Number
John_Doe@gmail.com,John,Doe,ZM8DvhfW,6224678690
Jane.Doe@outlook.com,Jane,Doe,G5zPkNcn,3816723876
Michael_Smith@yahoo.com,Michael,Smith,rt0LmhZ3,3487287205
Emily.Johnson@gmail.com,Emily,Johnson,K2QW7zqD,3479610061
David_Williams@outlook.com,David,Williams,EoNtf6BC,3169563563
Samantha.Jones@yahoo.com,Samantha,Jones,U98KclRY,9073989604
Christopher_Brown@gmail.com,Christopher,Brown,J1OVpM0z,5345510945
Rachel.Davis@outlook.com,Rachel,Davis,CvY4Ig7L,4379189132
James_Garcia@yahoo.com,James,Garcia,NHd6lPuG,3632359068
Olivia.Miller@gmail.com,Olivia,Miller,F7SbTeXZ,6009661675
Robert_Taylor@outlook.com,Robert,Taylor,Bawzv1Kk,4124023262
Abigail.Wilson@yahoo.com,Abigail,Wilson,RIAh2W3L,8793744712
William_Moore@gmail.com,William,Moore,ZnVPGI9F,7704647407
Elizabeth.Anderson@outlook.com,Elizabeth,Anderson,K7JUdv1m,8285373091
Joseph_Thomas@yahoo.com,Joseph,Thomas,MmBQ2yW3,4729493715
Sarah.Jackson@gmail.com,Sarah,Jackson,S0G6DjX9,9486477662
Charles_White@outlook.com,Charles,White,F1JvRU4O,8939992773
Madison.Harris@yahoo.com,Madison,Harris,H4dN7Vbz,8712706314
George_Martin@gmail.com,George,Martin,Qc6TgX9L,4203983129
Emily.Thompson@outlook.com,Emily,Thompson,LzvY2eJx,4206882769
Richard_Gonzalez@yahoo.com,Richard,Gonzalez,M1W7dKjO,9749518453
Abigail.Clark@gmail.com,Abigail,Clark,P9lBXfZc,3647836732
David_Lewis@outlook.com,David,Lewis,CvKwF5Mx,3334173208
Rachel.Robinson@yahoo.com,Rachel,Robinson,Hb5Rt1n0,4692561623
John_Walker@gmail.com,John,Walker,EMT9XJ2Z,6315724286
Jane.Perez@outlook.com,Jane,Perez,U3zOsNwQ,4577386508
Michael_Hall@yahoo.com,Michael,Hall,G7NCy1je,7715983304
Emily.Young@gmail.com,Emily,Young,Lr5PFH9a,5664447260
David_Allen@outlook.com,David,Allen,KbYJgOmI,8077072553
Samantha.King@yahoo.com,Samantha,King,XxmRjtE0,7346996224
Christopher_Wright@gmail.com,Christopher,Wright,Fz1B9J5l,7769449304
Rachel.Scott@outlook.com,Rachel,Scott,Jq3NkcVw,5269053080
James_Green@yahoo.com,James,Green,vpiW6QM2,8102205921
Olivia.Baker@gmail.com,Olivia,Baker,ZKLnXJUf,8185379536
Robert_Adams@outlook.com,Robert,Adams,GYdzvo7V,5214768890
Abigail.Gonzalez@yahoo.com,Abigail,Gonzalez,OExT9Sq3,7857719012
William_Nelson@gmail.com,William,Nelson,M0ZwKkN8,5026928184
Elizabeth.Carter@outlook.com,Elizabeth,Carter,QI6HrUfR,8016684280
Joseph_Mitchell@yahoo.com,Joseph,Mitchell,CbAJ9z14,9599762022
Sarah.Peters@gmail.com,Sarah,Peters,WV7K5pLg,4924909259
Charles_Roberts@outlook.com,Charles,Roberts,TmGSPoY6,4823807479
Madison.Turner@yahoo.com,Madison,Turner,zBK2VcM1,4403729014
George_Phillips@gmail.com,George,Phillips,u7M5ZJpW,7689701908
Emily.Campbell@outlook.com,Emily,Campbell,HLaD6YTR,2557074689
Richard_Parker@yahoo.com,Richard,Parker,fOjQK9V3,7065822308
Abigail.Evans@gmail.com,Abigail,Evans,ZbJ1njdC,5277496734
David_Edwards@outlook.com,David,Edwards,EIoR6UY7,9768845730
Rachel.Collins@yahoo.com,Rachel,Collins,FKktg9J4,6332883844
John_Stewart@gmail.com,John,Stewart,T0JZ4d1M,3807650067
Jane.Sanchez@outlook.com,Jane,Sanchez,L3qOyN2H,3377259948
Michael_Morris@yahoo.com,Michael,Morris,NCsGX8Pb,5125542060
Emily.Rogers@gmail.com,Emily,Rogers,Mj7VvzIw,5963465272
David_Reed@outlook.com,David,Reed,RtY1JLmh,5967511240
Samantha.Cook@yahoo.com,Samantha,Cook,Gp9WdXKF,7304009524
Christopher_Morgan@gmail.com,Christopher,Morgan,Q0c4Zbw8,9297600988
Rachel.Bell@outlook.com,Rachel,Bell,S3qK1nvY,8943432268
James_Murphy@yahoo.com,James,Murphy,D9CJLWfM,7567179039
Olivia.Bailey@gmail.com,Olivia,Bailey,P5syZOwF,7409134623
Robert_Rivera@outlook.com,Robert,Rivera,T1IejEGK,4354331894
Abigail.Cooper@yahoo.com,Abigail,Cooper,VRoJdXtW,7616601339
William_Richardson@gmail.com,William,Richardson,C7O5hczp,4767695917
Elizabeth.Cox@outlook.com,Elizabeth,Cox,G0bD6fET,6488663793
Joseph_Howard@yahoo.com,Joseph,Howard,J9aUyLmQ,9693133857
Sarah.Ward@gmail.com,Sarah,Ward,K3BVW2Nd,3848595808
Charles_Torres@outlook.com,Charles,Torres,XzZFp6UO,9889253826
George_Davis@gmail.com,George,Davis,L1rvN9H8,6098366075
Emily.Miller@outlook.com,Emily,Miller,TqfsJ2U6,3642572695
Richard_Wilson@yahoo.com,Richard,Wilson,KcWx6Buv,2619879296
Abigail.Moore@gmail.com,Abigail,Moore,NU1HrD9B,2013763062
David_Taylor@outlook.com,David,Taylor,YMhV7G5Z,6872136987
Rachel.Anderson@yahoo.com,Rachel,Anderson,Q5L0ijdp,4784130635
John_Thomas@gmail.com,John,Thomas,gVJnP36o,5388758565
Jane.Jackson@outlook.com,Jane,Jackson,sD5zOMj1,2024291693
Michael_White@yahoo.com,Michael,White,lFZm1xQy,4385172542
Emily.Harris@gmail.com,Emily,Harris,jA6oNhL0,6846636905
David_Martin@outlook.com,David,Martin,KZd8Wp7f,2285767045
Samantha.Thompson@yahoo.com,Samantha,Thompson,nUJ9XmPv,8815377294
Christopher_Gonzalez@gmail.com,Christopher,Gonzalez,C1LmjKFb,4013123031
Rachel.Clark@outlook.com,Rachel,Clark,BZQJwst0,9888922150
James_Lewis@yahoo.com,James,Lewis,ORKP9cW8,5592350487
Olivia.Robinson@gmail.com,Olivia,Robinson,kI6NbpL2,6588601100
Robert_Walker@outlook.com,Robert,Walker,Gd1hZzwK,6269073239
Abigail.Perez@yahoo.com,Abigail,Perez,VrYUHX5J,6904875953
William_Hall@gmail.com,William,Hall,vOThpNL4,2917804194
Elizabeth.Young@outlook.com,Elizabeth,Young,DzKj7GR5,4105101377
Joseph_Allen@yahoo.com,Joseph,Allen,Jf45QniS,6046500674
Sarah.King@gmail.com,Sarah,King,W2xE0caM,4296722984
Charles_Wright@outlook.com,Charles,Wright,bUJAr8pZ,9098025966
Madison.Scott@yahoo.com,Madison,Scott,G1eB0J6Y,9782039459
George_Green@gmail.com,George,Green,OqQIPKjm,3433831586
Emily.Baker@outlook.com,Emily,Baker,X7LhZdRp,4138473510
Richard_Adams@yahoo.com,Richard,Adams,N6DE1nVJ,6198834851
Abigail.Gonzalez@gmail.com,Abigail,Gonzalez,CskuHxvK,7966968824
David_Nelson@outlook.com,David,Nelson,v4djIU90,9933508408
Rachel.Carter@yahoo.com,Rachel,Carter,BVZw5paS,3444643418
John_Mitchell@gmail.com,John,Mitchell,Q1nxc9eW,2218563432
Jane.Peters@outlook.com,Jane,Peters,HlAbKj2z,4115479684
Michael_Roberts@yahoo.com,Michael,Roberts,PZt7wDgO,8626035849
Emily.Turner@gmail.com,Emily,Turner,GYrI8Tmo,4394561709
David_Phillips@outlook.com,David,Phillips,LxRsk0U6,2798373420
Samantha.Campbell@yahoo.com,Samantha,Campbell,Nd3W2fzy,4904958307
Christopher_Parker@gmail.com,Christopher,Parker,wT6OjM9I,2843027864
Rachel.Evans@outlook.com,Rachel,Evans,HxoKtCmL,9302388487
James_Edwards@yahoo.com,James,Edwards,RZ1EzvNS,7903634643
Olivia.Collins@gmail.com,Olivia,Collins,BeGpLrAV,7606581428
Robert_Stewart@outlook.com,Robert,Stewart,J9DyFxnT,4497416921
Abigail.Sanchez@yahoo.com,Abigail,Sanchez,mKjqI8dw,2943774770
William_Morris@gmail.com,William,Morris,P0rGZfic,9754121619
Elizabeth.Rogers@outlook.com,Elizabeth,Rogers,XNgE1WYt,3349868452
Joseph_Reed@yahoo.com,Joseph,Reed,C4uOA5kS,2275256164
Sarah.Cook@gmail.com,Sarah,Cook,D8QGZn7B,2287332013
Charles_Morgan@outlook.com,Charles,Morgan,Y3iLRjwq,2427287766
Madison.Bell@yahoo.com,Madison,Bell,s7BTAm2v,9913543489
George_Murphy@gmail.com,George,Murphy,JW8zZMVb,2399913634
Emily.Bailey@outlook.com,Emily,Bailey,T6DYUvRl,5306728751
Richard_Rivera@yahoo.com,Richard,Rivera,V1KjNyq3,9598576730
Abigail.Cooper@gmail.com,Abigail,Cooper,O9XQx0nC,2123371556
David_Richardson@outlook.com,David,Richardson,ELmG2vYZ,2725968835
Rachel.Cox@yahoo.com,Rachel,Cox,SjfKDBbW,4128889660
John_Howard@gmail.com,John,Howard,dgM73xkP,7144895812
Jane.Ward@outlook.com,Jane,Ward,cHJwY1lA,7992231076
Michael_Torres@yahoo.com,Michael,Torres,g4t6yI5Q,3733724448
Emily.Peterson@gmail.com,Emily,Peterson,W5zOaZFx,5799134494
David_Gray@outlook.com,David,Gray,Yq3UKGL0,6538523401
Samantha.Price@yahoo.com,Samantha,Price,vQ0HJI7P,6372130625
Christopher_Bryant@gmail.com,Christopher,Bryant,Njk9RxuM,3809458925
Rachel.Mason@outlook.com,Rachel,Mason,Mpwqf8nC,5356343017
James_Barnes@yahoo.com,James,Barnes,Z2DGls7y,5949133071
Olivia.Olsen@gmail.com,Olivia,Olsen,UJvR9NxF,7497834690
Robert_Perkins@outlook.com,Robert,Perkins,TZEGL1YO,7675688621
Abigail.Hansen@yahoo.com,Abigail,Hansen,FAH4m5cN,2733304767
William_Fernandez@gmail.com,William,Fernandez,D8oKX9xI,6323133520
Elizabeth.Hartman@outlook.com,Elizabeth,Hartman,ZJQ2PmiR,9598251488
Joseph_McDonald@yahoo.com,Joseph,McDonald,zY1B6C5d,8628497539
Sarah.Rios@gmail.com,Sarah,Rios,VXP9b0oq,2329782881
Charles_Butler@outlook.com,Charles,Butler,NbW8hvjR,6228092121
Madison.Black@yahoo.com,Madison,Black,lDU1O6BK,8298237191
George_Watkins@gmail.com,George,Watkins,KX9U2QfZ,2495486941
Emily.Sims@outlook.com,Emily,Sims,hA8jvSTd,7616034620
Richard_Barron@yahoo.com,Richard,Barron,G6pLF0E4,3677069674
Abigail.Arroyo@gmail.com,Abigail,Arroyo,C4Z7ejKt,7869776611
David_Pena@outlook.com,David,Pena,BmsnH1LY,3655580702
Rachel.Brady@yahoo.com,Rachel,Brady,xT2JzkM7,3949236734
John_Brock@gmail.com,John,Brock,vRl9tFhC,8857646102
Jane.Bautista@outlook.com,Jane,Bautista,U7V3qpWy,6312540372
Michael_Blevins@yahoo.com,Michael,Blevins,sYFneBjO,7194062063
Emily.Buchanan@gmail.com,Emily,Buchanan,qN6umVxR,9743150820
David_Buckley@outlook.com,David,Buckley,M9G7iSwo,8567623155
Samantha.Buckner@yahoo.com,Samantha,Buckner,K8p3qA1J,7413371647
Christopher_Buck@gmail.com,Christopher,Buck,jLcPHfZd,3268297306
Rachel.Bui@outlook.com,Rachel,Bui,In4XWsT6,3032211641
James_Burch@yahoo.com,James,Burch,G2wJ1hv0,4023686077
Olivia.Burke@gmail.com,Olivia,Burke,F6PQCKLR,7916487769
Robert_Burns@outlook.com,Robert,Burns,DnU9XV7Y,2264492363
Abigail.Burton@yahoo.com,Abigail,Burton,CNYWJ8hG,8583253775
William_Bush@gmail.com,William,Bush,B7ZFz5sk,8584663468
Elizabeth.Butler@outlook.com,Elizabeth,Butler,A5fq9eO1,8034113031
Joseph_Byrd@yahoo.com,Joseph,Byrd,zIPBwR8o,5536558133
Sarah.Cabrera@gmail.com,Sarah,Cabrera,ZjK5OmEs,3556187913
Charles_Cain@outlook.com,Charles,Cain,Y8pv3XF7,8133015227
Madison.Calderon@yahoo.com,Madison,Calderon,xMf6ktWL,5654807680
George_Caldwell@gmail.com,George,Caldwell,WcUJ0I2Q,6675987665
Emily.Calhoun@outlook.com,Emily,Calhoun,V1Jl9X6N,2122302748
Richard_Callahan@yahoo.com,Richard,Callahan,ujASr34D,2974537228
Abigail.Camacho@gmail.com,Abigail,Camacho,T0h7xiZH,3096451406
David_Cameron@outlook.com,David,Cameron,SdI8s4KP,5436585170
Rachel.Campos@yahoo.com,Rachel,Campos,QnT2LGOw,4967756104
John_Cantrell@gmail.com,John,Cantrell,P14f9EBe,2944379146
Jane.Cantu@outlook.com,Jane,Cantu,OJFxhTz7,2159821989
Michael_Cardenas@yahoo.com,Michael,Cardenas,M2NK8VsW,8853069729
Emily.Carey@gmail.com,Emily,Carey,kZV1Dleb,7496576892
David_Carlson@outlook.com,David,Carlson,jtC9HJ2B,7337868957
Samantha.Carney@yahoo.com,Samantha,Carney,hVJw1ZR8,5786843005
Christopher_Carpenter@gmail.com,Christopher,Carpenter,GsK9p4O7,9574783075
Rachel.Carr@outlook.com,Rachel,Carr,f8zv3qbT,6584990725
James_Carrillo@yahoo.com,James,Carrillo,D71wN2Z6,8044699709
Olivia.Carroll@gmail.com,Olivia,Carroll,C2SL9PUm,3747057928
Robert_Carson@outlook.com,Robert,Carson,bm0cWvh1,7682430278
Abigail.Carter@yahoo.com,Abigail,Carter,aJ65KwI8,6414364685
William_Casey@gmail.com,William,Casey,ZsFMT4p9,2783815981
Elizabeth.Cash@outlook.com,Elizabeth,Cash,Yl8fW3qz,3557959491
Joseph_Castillo@yahoo.com,Joseph,Castillo,XoEwD2QP,9298648850
Sarah.Castro@gmail.com,Sarah,Castro,VINcbU1Y,6874809694
Charles_Cervantes@outlook.com,Charles,Cervantes,U9n6M0yv,3402559787
Madison.Chambers@yahoo.com,Madison,Chambers,TPJdAhw7,5599761570
George_Chandler@gmail.com,George,Chandler,rYm5DSKG,7429143664
Emily.Chapman@outlook.com,Emily,Chapman,QEoV7cFk,2172657772
Richard_Charles@yahoo.com,Richard,Charles,O2Ix5PMD,2884311074
Abigail.Chavez@gmail.com,Abigail,Chavez,Njzf3qVt,3403307078
David_Chen@outlook.com,David,Chen,KUBGhpQ8,7885780411
Rachel.Chery@yahoo.com,Rachel,Chery,jHv7xrLm,9663255941
John_Cheung@gmail.com,John,Cheung,J1zZq3IS,4757230520
Jane.Childers@outlook.com,Jane,Childers,IF9Xd2QV,3039011683
Michael_Chung@yahoo.com,Michael,Chung,HJK7lRpE,5783656318
Emily.Church@gmail.com,Emily,Church,GVkJnYb1,5818794209
David_Clark@outlook.com,David,Clark,F9XosEtz,3064185499
Samantha.Clarke@yahoo.com,Samantha,Clarke,E5Kj2vUn,5014444723
Christopher_Clay@gmail.com,Christopher,Clay,W6nfZ8YG,3866836435
Rachel.Clayton@outlook.com,Rachel,Clayton,D1m9JjL7,2755079763
Sara.Ramirez23@gmail.com,Sarah,Ramirez,C0y6BvOe,8886688709
